Frequency (Meep),Wavelength (um),Flux (a.u.)
5.161290322580646128e-01,1.937499999999999556e+00,2.001693435951995215e-14
5.185631967257258168e-01,1.928405267311925630e+00,4.005100565949355867e-13
5.209973611933869098e-01,1.919395518068303774e+00,6.055009855848149139e-13
5.234315256610481137e-01,1.910469566648832718e+00,8.539453493366800631e-13
5.258656901287092067e-01,1.901626249385547807e+00,1.209222648619264140e-13
5.282998545963704107e-01,1.892864424057084216e+00,1.169682569547801300e-13
5.307340190640315036e-01,1.884182969396866358e+00,2.133632663216839636e-12
5.331681835316927076e-01,1.875580784614762742e+00,4.373518913531590358e-13
5.356023479993539116e-01,1.867056788931788391e+00,3.490445029522641393e-12
5.380365124670150045e-01,1.858609921127436948e+00,5.165598711741784951e-12
5.404706769346762085e-01,1.850239139099242314e+00,1.301296420541534702e-11
5.429048414023373015e-01,1.841943419434194151e+00,2.323740009390211538e-11
5.453390058699985055e-01,1.833721756991625540e+00,6.379037522407552179e-11
5.477731703376595984e-01,1.825573164497227285e+00,1.296605837974325111e-10
5.502073348053208024e-01,1.817496672147834502e+00,2.290169684786829409e-10
5.526414992729818954e-01,1.809491327226661284e+00,5.156340526099502080e-10
5.550756637406430993e-01,1.801556193728655497e+00,8.508576143622804756e-10
5.575098282083043033e-01,1.793690351995671950e+00,1.494096331067718147e-09
5.599439926759653963e-01,1.785892898361159942e+00,2.394029270791864248e-09
5.623781571436266002e-01,1.778162944804075218e+00,3.836924529771678441e-09
5.648123216112876932e-01,1.770499618611746540e+00,5.348979798572350584e-09
5.672464860789488972e-01,1.762902062051417973e+00,7.521442179305388961e-09
5.696806505466099901e-01,1.755369432050215339e+00,9.945309576385181482e-09
5.721148150142711941e-01,1.747900899883278347e+00,1.211938648097265717e-08
5.745489794819322871e-01,1.740495650869825939e+00,1.417111287095981742e-08
5.769831439495934911e-01,1.733152884076908373e+00,1.545317358264097152e-08
5.794173084172546950e-01,1.725871812030633778e+00,1.551147848132133969e-08
5.818514728849157880e-01,1.718651660434637574e+00,1.355869772432941380e-08
5.842856373525769920e-01,1.711491667895590263e+00,1.096921176512103794e-08
5.867198018202380849e-01,1.704391085655541982e+00,7.356347234555392824e-09
5.891539662878992889e-01,1.697349177330895520e+00,6.126884450560048024e-09
5.915881307555603819e-01,1.690365218657830404e+00,1.407833303964691136e-08
5.940222952232215858e-01,1.683438497243979981e+00,4.321642245000673771e-08
5.964564596908827898e-01,1.676568312326194077e+00,1.242972031715688923e-07
5.988906241585438828e-01,1.669753974534206042e+00,3.316095531114247582e-07
6.013247886262050868e-01,1.662994805660038988e+00,9.190600475444647687e-07
6.037589530938661797e-01,1.656290138432995329e+00,2.708129497385039704e-06
6.061931175615273837e-01,1.649639316300060221e+00,7.913124135743858066e-06
6.086272820291884766e-01,1.643041693211580556e+00,2.028810251898491532e-05
6.110614464968496806e-01,1.636496633412062973e+00,4.116330525214429993e-05
6.134956109645108846e-01,1.630003511235954772e+00,6.082230269266563873e-05
6.159297754321719776e-01,1.623561710908264066e+00,8.946720823225137709e-05
6.183639398998331815e-01,1.617170626349891727e+00,4.003041192094797251e-04
6.207981043674942745e-01,1.610829660987542766e+00,2.204123143653936943e-03
6.232322688351554785e-01,1.604538227568090392e+00,8.239325115758484863e-03
6.256664333028165714e-01,1.598295747977276582e+00,2.075405927686662516e-02
6.281005977704777754e-01,1.592101653062623967e+00,3.399017931174551366e-02
6.305347622381389794e-01,1.585955382460455310e+00,3.358885172036652628e-02
6.329689267058000723e-01,1.579856384426898686e+00,9.183017872094213774e-02
6.354030911734611653e-01,1.573804115672780224e+00,8.108645161910009724e-01
6.378372556411223693e-01,1.567798041202296266e+00,4.090794080108491215e+00
6.402714201087835733e-01,1.561837634155367693e+00,1.223875955588201059e+01
6.427055845764446662e-01,1.555922375653572720e+00,2.298659663378613516e+01
6.451397490441058702e-01,1.550051754649570679e+00,2.745093409558383613e+01
6.475739135117670742e-01,1.544225267779921085e+00,2.080688551207752113e+01
6.500080779794281671e-01,1.538442419221209390e+00,9.984800852383493464e+00
6.524422424470892601e-01,1.532702720549392383e+00,3.081285773849162801e+00
6.548764069147504641e-01,1.527005690602282639e+00,6.765059510881059612e-01
6.573105713824116680e-01,1.521350855345087183e+00,1.539871463341710711e-01
6.597447358500727610e-01,1.515737747738923114e+00,6.273340365905175076e-02
6.621789003177339650e-01,1.510165907612231351e+00,3.818179747478007979e-02
6.646130647853950579e-01,1.504634881535020785e+00,2.179554617675788161e-02
6.670472292530562619e-01,1.499144222695859785e+00,9.883868605371598851e-03
6.694813937207173549e-01,1.493693490781556665e+00,3.553488335268792375e-03
6.719155581883785588e-01,1.488282251859450955e+00,1.063534174523216285e-03
6.743497226560397628e-01,1.482910078262258180e+00,2.786816959706130874e-04
6.767838871237008558e-01,1.477576548475396212e+00,6.454512621157238849e-05
6.792180515913620598e-01,1.472281247026735240e+00,1.329351620913746382e-05
6.816522160590231527e-01,1.467023764378713180e+00,3.975402601578411371e-06
6.840863805266843567e-01,1.461803696822747467e+00,4.427625508649601810e-06
6.865205449943454497e-01,1.456620646375901940e+00,8.336964819543400793e-06
6.889547094620066536e-01,1.451474220679735971e+00,1.601763937350199425e-05
6.913888739296678576e-01,1.446364032901295893e+00,2.887580745693906360e-05
6.938230383973289506e-01,1.441289701636188525e+00,4.803693436813210677e-05
6.962572028649900435e-01,1.436250850813687308e+00,7.372396162004514703e-05
6.986913673326512475e-01,1.431247109603822842e+00,1.047376660591328121e-04
7.011255318003124515e-01,1.426278112326410108e+00,1.384751290851659960e-04
7.035596962679735444e-01,1.421343498361960611e+00,1.708130806564366272e-04
7.059938607356347484e-01,1.416442912064441062e+00,1.969889549793260781e-04
7.084280252032959524e-01,1.411576002675829056e+00,2.124480242278787190e-04
7.108621896709570454e-01,1.406742424242424017e+00,2.145402812399760124e-04
7.132963541386181383e-01,1.401941835532872327e+00,2.027346633540464576e-04
7.157305186062793423e-01,1.397173899957864229e+00,1.793092356862291869e-04
7.181646830739405463e-01,1.392438285491466310e+00,1.483193308827054316e-04
7.205988475416016392e-01,1.387734664594045153e+00,1.147805089465988904e-04
7.230330120092628432e-01,1.383062714136749305e+00,8.299505489342795224e-05
7.254671764769240472e-01,1.378422115327513131e+00,5.607075049909620890e-05
7.279013409445851401e-01,1.373812553638542600e+00,3.536826511078311637e-05
7.303355054122462331e-01,1.369233718735252348e+00,2.082372133525457595e-05
7.327696698799074371e-01,1.364685304406620059e+00,1.142789556366848559e-05
7.352038343475686410e-01,1.360167008496923291e+00,5.844764028310163865e-06
7.376379988152297340e-01,1.355678532838828332e+00,2.792406394575601501e-06
7.400721632828909380e-01,1.351219583187798223e+00,1.245204856001449266e-06
7.425063277505520309e-01,1.346789869157793973e+00,5.233077335692504253e-07
7.449404922182132349e-01,1.342389104158232538e+00,2.088854270033031583e-07
7.473746566858743279e-01,1.338017005332180487e+00,8.236180797145227481e-08
7.498088211535355319e-01,1.333673293495748036e+00,3.226095260868334662e-08
7.522429856211967358e-01,1.329357693078663027e+00,1.365732013880989053e-08
7.546771500888578288e-01,1.325069932065992884e+00,6.072041666508910123e-09
7.571113145565190328e-01,1.320809741940990545e+00,2.800684140482830831e-09
7.595454790241801257e-01,1.316576857629041308e+00,1.281022445202575934e-09
7.619796434918413297e-01,1.312371017442682142e+00,5.641284879391128903e-10
7.644138079595024227e-01,1.308191963027672822e+00,2.493858417951013344e-10
7.668479724271636266e-01,1.304039439310092918e+00,8.656305395414782918e-11
7.692821368948248306e-01,1.299913194444444198e+00,4.477786789865649038e-11
7.717163013624859236e-01,1.295812979762735351e+00,1.476332807750165141e-11
7.741504658301470165e-01,1.291738549724525509e+00,1.012381300174175194e-11
7.765846302978082205e-01,1.287689661867909230e+00,4.968103595798331094e-12
7.790187947654694245e-01,1.283666076761420083e+00,8.946670517827179438e-12
7.814529592331305174e-01,1.279667557956832180e+00,5.883915066995662219e-12
7.838871237007917214e-01,1.275693871942841229e+00,6.626934045567555748e-12
7.863212881684529254e-01,1.271744788099608003e+00,2.868652170435352366e-12
7.887554526361140184e-01,1.267820078654140259e+00,7.432373485242736552e-12
7.911896171037751113e-01,1.263919518636499761e+00,3.555516606419210982e-12
7.936237815714363153e-01,1.260042885836816673e+00,4.481146900643603035e-12
7.960579460390975193e-01,1.256189960763090196e+00,1.267635149985826521e-12
7.984921105067586122e-01,1.252360526599762602e+00,3.136725224886417534e-12
8.009262749744198162e-01,1.248554369167047540e+00,8.941970462150244549e-13
8.033604394420810202e-01,1.244771276880999311e+00,1.769821279204574356e-12
8.057946039097421131e-01,1.241011040714304681e+00,1.014608363645743214e-12
8.082287683774032061e-01,1.237273454157782560e+00,6.308032726217696790e-13
8.106629328450644101e-01,1.233558313182579136e+00,1.129584729907725830e-13
8.130970973127256141e-01,1.229865416203041129e+00,3.207397807019412761e-13
8.155312617803867070e-01,1.226194564040254509e+00,6.157709822679198300e-13
8.179654262480479110e-01,1.222545559886231814e+00,8.340890131719561555e-14
8.203995907157091150e-01,1.218918209268740727e+00,1.993511458335391781e-13
8.228337551833702079e-01,1.215312320016754599e+00,7.192581354433259656e-14
8.252679196510313009e-01,1.211727702226514491e+00,1.995866086308176242e-13
8.277020841186925049e-01,1.208164168228190727e+00,6.097761905869875066e-14
8.301362485863537088e-01,1.204621532553130647e+00,1.619431826612543712e-13
8.325704130540148018e-01,1.201099611901681685e+00,1.783517757364348575e-13
8.350045775216758948e-01,1.197598225111575543e+00,1.350684914764752425e-13
8.374387419893370987e-01,1.194117193126864818e+00,2.674481566739925996e-13
8.398729064569983027e-01,1.190656338967400973e+00,1.227187830616893059e-13
8.423070709246593957e-01,1.187215487698839000e+00,2.603139982631518085e-13
8.447412353923205997e-01,1.183794466403161882e+00,3.112323344728441091e-13
8.471753998599818036e-01,1.180393104149715100e+00,6.372711603139174789e-13
8.496095643276428966e-01,1.177011231966734961e+00,7.661475627475673504e-13
8.520437287953039895e-01,1.173648682813368982e+00,1.001902676095401127e-12
8.544778932629651935e-01,1.170305291552171889e+00,7.320235451931484215e-13
8.569120577306263975e-01,1.166980894922071244e+00,9.247038601842869695e-13
8.593462221982874905e-01,1.163675331511794031e+00,1.849579917330802057e-12
8.617803866659486944e-01,1.160388441733739784e+00,3.052084884608948072e-12
8.642145511336098984e-01,1.157120067798299790e+00,2.604378584519116781e-12
8.666487156012709914e-01,1.153870053688605957e+00,2.961030590338302949e-12
8.690828800689320843e-01,1.150638245135704452e+00,4.750279731516134332e-12
8.715170445365932883e-01,1.147424489594147001e+00,9.891260708470217999e-12
8.739512090042544923e-01,1.144228636217988093e+00,1.487095554055290284e-11
8.763853734719155852e-01,1.141050535837184077e+00,2.863354188389343141e-11
8.788195379395767892e-01,1.137890040934382396e+00,5.684760881845185861e-11
8.812537024072379932e-01,1.134747005622097182e+00,1.371280399826549549e-10
8.836878668748990862e-01,1.131621285620261652e+00,2.975052260270476289e-10
8.861220313425601791e-01,1.128512738234150214e+00,6.853344446506372703e-10
8.885561958102213831e-01,1.125421222332662508e+00,1.477247944229626727e-09
8.909903602778825871e-01,1.122346598326966705e+00,3.288724875284662312e-09
8.934245247455436800e-01,1.119288728149487655e+00,7.220609455154451267e-09
8.958586892132048840e-01,1.116247475233240305e+00,1.611718506996563686e-08
8.982928536808660880e-01,1.113222704491498849e+00,3.590257721053520869e-08
9.007270181485271809e-01,1.110214282297794952e+00,8.396383335483295390e-08
9.031611826161882739e-01,1.107222076466238825e+00,2.065799111916269725e-07
9.055953470838494779e-01,1.104245956232159820e+00,5.244177101189215048e-07
9.080295115515106819e-01,1.101285792233055671e+00,1.316487831431868243e-06
9.104636760191717748e-01,1.098341456489849932e+00,3.181249030851905832e-06
9.128978404868328678e-01,1.095412822388447172e+00,7.244955102319060436e-06
9.153320049544940717e-01,1.092499764661583272e+00,1.534116744538867137e-05
9.177661694221552757e-01,1.089602159370965717e+00,2.999893059016420945e-05
9.202003338898163687e-01,1.086719883889695204e+00,5.399519967530184690e-05
9.226344983574775727e-01,1.083852816884966375e+00,8.934736657292739151e-05
9.250686628251387766e-01,1.081000838301042988e+00,1.357711109991890594e-04
9.275028272927998696e-01,1.078163829342499325e+00,1.895653627874396212e-04
9.299369917604609626e-01,1.075341672457725384e+00,2.430326750102581516e-04
9.323711562281221665e-01,1.072534251322690091e+00,2.859355966153522477e-04
9.348053206957833705e-01,1.069741450824960749e+00,3.083506436423958243e-04
9.372394851634444635e-01,1.066963157047967181e+00,3.043116817047881398e-04
9.396736496311056674e-01,1.064199257255513231e+00,2.741997493348667073e-04
9.421078140987668714e-01,1.061449639876528961e+00,2.251537022896437203e-04
9.445419785664279644e-01,1.058714194490056437e+00,1.686039749578399638e-04
9.469761430340890573e-01,1.055992811810468446e+00,1.160790800740462141e-04
9.494103075017502613e-01,1.053285383672913689e+00,7.631264952253586438e-05
9.518444719694114653e-01,1.050591803018987358e+00,5.421402751264963566e-05
9.542786364370725583e-01,1.047911963882618425e+00,5.316235678390353840e-05
9.567128009047337622e-01,1.045245761376173643e+00,8.001699612296174567e-05
9.591469653723949662e-01,1.042593091676772943e+00,1.540168589512360222e-04
9.615811298400560592e-01,1.039953852012813762e+00,3.253670373818987548e-04
9.640152943077171521e-01,1.037327940650697222e+00,7.139750059537375510e-04
9.664494587753783561e-01,1.034715256881756362e+00,1.576972370879461526e-03
9.688836232430395601e-01,1.032115701009382214e+00,3.391319962362733184e-03
9.713177877107006530e-01,1.029529174336341946e+00,6.895221151298162356e-03
9.737519521783618570e-01,1.026955579152287301e+00,1.301107733692251182e-02
9.761861166460230610e-01,1.024394818721450884e+00,2.281910043321163511e-02
9.786202811136841540e-01,1.021846797270526075e+00,3.878146033851641306e-02
9.810544455813452469e-01,1.019311419976725253e+00,7.098228982655256647e-02
9.834886100490064509e-01,1.016788592956018977e+00,1.558452000152844852e-01
9.859227745166676549e-01,1.014278223251545707e+00,3.938704523810461766e-01
9.883569389843287478e-01,1.011780218822196042e+00,9.911256488213385785e-01
9.907911034519898408e-01,1.009294488531362166e+00,2.236707311451224367e+00
9.932252679196510448e-01,1.006820942135854935e+00,4.319423154178532620e+00
9.956594323873122487e-01,1.004359490274983280e+00,7.008367673159388467e+00
9.980935968549733417e-01,1.001910044459791926e+00,9.486251268921087387e+00
1.000527761322634657e+00,9.994725170624580990e-01,1.068244358834224883e+01
1.002961925790295750e+00,9.970468213058418794e-01,9.997944004936575979e+00
1.005396090257956843e+00,9.946328712531870009e-01,7.773968979366207677e+00
1.007830254725617936e+00,9.922305817979737430e-01,5.020561872832210781e+00
1.010264419193279029e+00,9.898398686539159330e-01,2.693855594656938468e+00
1.012698583660940344e+00,9.874606483451032757e-01,1.206154220083341055e+00
1.015132748128601436e+00,9.850928381962864577e-01,4.611872064194919574e-01
1.017566912596262529e+00,9.827363563232991428e-01,1.646078992611544889e-01
1.020001077063923844e+00,9.803911216236192994e-01,6.787838483744038087e-02
1.022435241531584937e+00,9.780570537670655318e-01,3.769068584596477894e-02
1.024869405999246030e+00,9.757340731866238626e-01,2.414808369649371067e-02
1.027303570466907345e+00,9.734221010694064091e-01,1.482618573889578351e-02
1.029737734934568438e+00,9.711210593477396236e-01,8.165679096459868211e-03
1.032171899402229531e+00,9.688308706903747680e-01,3.994099700097802734e-03
1.034606063869890846e+00,9.665514584938265097e-01,1.742928947470970096e-03
1.037040228337551717e+00,9.642827468738316421e-01,6.853483275307676020e-04
1.039474392805213032e+00,9.620246606569267112e-01,2.478913264717028369e-04
1.041908557272874347e+00,9.597771253721466556e-01,8.643235743474711246e-05
1.044342721740535218e+00,9.575400672428374671e-01,3.169689768476232901e-05
1.046776886208196533e+00,9.553134131785816496e-01,1.334051346404600674e-05
1.049211050675857626e+00,9.530970907672408066e-01,6.372460060066023611e-06
1.051645215143518719e+00,9.508910282671036995e-01,3.125077561817340388e-06
1.054079379611180034e+00,9.486951545991456625e-01,1.431456722947165690e-06
1.056513544078841127e+00,9.465093993393955962e-01,5.726373474875160423e-07
1.058947708546502220e+00,9.443336927114058810e-01,1.873970519321642254e-07
1.061381873014163535e+00,9.421679655788276486e-01,5.419383641411229306e-08
1.063816037481824628e+00,9.400121494380884180e-01,3.586481125619605338e-08
1.066250201949485721e+00,9.378661764111680954e-01,5.402794042991095681e-08
1.068684366417147036e+00,9.357299792384752291e-01,7.396689675809559601e-08
1.071118530884807907e+00,9.336034912718205181e-01,8.410477138350360418e-08
1.073552695352469222e+00,9.314866464674839142e-01,8.305596887292721010e-08
1.075986859820130315e+00,9.293793793793794222e-01,7.304408685056921361e-08
1.078421024287791408e+00,9.272816251523081643e-01,6.003171522019755988e-08
1.080855188755452723e+00,9.251933195153060341e-01,4.654169180971517523e-08
1.083289353223113816e+00,9.231143987750800584e-01,3.422354106242072178e-08
1.085723517690774909e+00,9.210447998095313560e-01,2.384179950308213448e-08
1.088157682158436224e+00,9.189844600613678027e-01,1.611127697557569918e-08
1.090591846626097317e+00,9.169333175318005180e-01,1.021268372965569414e-08
1.093026011093758409e+00,9.148913107743245066e-01,6.107902127564042998e-09
1.095460175561419724e+00,9.128583788885828998e-01,3.617134873881848889e-09
1.097894340029080595e+00,9.108344615143132428e-01,2.097227906807645112e-09
1.100328504496741910e+00,9.088194988253719409e-01,1.098114870823068312e-09
1.102762668964403225e+00,9.068134315238409737e-01,5.325446278612289361e-10
1.105196833432064096e+00,9.048162008342105489e-01,2.933424173892081604e-10
1.107630997899725411e+00,9.028277484976370282e-01,1.423906120038056544e-10
1.110065162367386504e+00,9.008480167662811233e-01,7.466358175841022177e-11
1.112499326835047597e+00,8.988769483977152586e-01,4.377829149145949801e-11
1.114933491302708912e+00,8.969144866494067614e-01,2.482514703679090932e-11
1.117367655770370005e+00,8.949605752732741060e-01,7.190950426232840014e-12
1.119801820238031098e+00,8.930151585103108802e-01,4.953194076250073622e-12
1.122235984705692413e+00,8.910781810852831386e-01,4.611427142105379996e-12
1.124670149173353506e+00,8.891495882014939234e-01,1.802546955840884555e-12
1.127104313641014599e+00,8.872293255356152875e-01,1.271143518781532611e-12
1.129538478108675914e+00,8.853173392325881519e-01,3.425409742535492465e-13
1.131972642576336785e+00,8.834135759005881106e-01,2.742453543837159127e-13
1.134406807043998100e+00,8.815179826060536294e-01,3.673076314474369382e-13
1.136840971511659193e+00,8.796305068687826356e-01,5.901198501737377443e-13
1.139275135979320286e+00,8.777510966570867268e-01,1.457597173405905531e-13
1.141709300446981601e+00,8.758797003830115502e-01,1.090419379614854754e-13
1.144143464914642694e+00,8.740162668976164673e-01,4.342359858723288616e-13
1.146577629382303787e+00,8.721607454863133935e-01,4.391596236378070597e-13
1.149011793849965102e+00,8.703130858642669221e-01,2.711057963825924575e-13
1.151445958317626195e+00,8.684732381718518468e-01,3.901960591889678330e-14
1.153880122785287288e+00,8.666411529701676386e-01,3.333721109285735570e-13
1.156314287252948603e+00,8.648167812366100993e-01,3.396178774282030830e-13
1.158748451720609474e+00,8.630000743604998581e-01,3.356133639868002956e-13
1.161182616188270789e+00,8.611909841387626052e-01,5.331170926642199712e-14
1.163616780655932104e+00,8.593894627716686108e-01,3.239037096395666647e-13
1.166050945123592975e+00,8.575954628586208717e-01,2.265593531939553047e-13
1.168485109591254290e+00,8.558089373939974376e-01,3.939179897659616277e-13
1.170919274058915382e+00,8.540298397630480265e-01,1.169705778325150503e-13
1.173353438526576475e+00,8.522581237378373809e-01,3.985260517915336211e-13
1.175787602994237790e+00,8.504937434732425805e-01,5.546757343033369740e-13
1.178221767461898883e+00,8.487366535029984282e-01,5.721520011014945689e-13
1.180655931929559976e+00,8.469868087357915742e-01,1.862424559926913203e-12
1.183090096397221291e+00,8.452441644514037122e-01,5.203195151716032942e-12
1.185524260864882384e+00,8.435086762969019603e-01,8.749330895001583792e-12
1.187958425332543477e+00,8.417803002828752046e-01,1.274491885135536807e-11
1.190392589800204792e+00,8.400589927797179612e-01,3.768616289588719933e-11
1.192826754267865663e+00,8.383447105139597566e-01,7.930013222340836370e-11
1.195260918735526978e+00,8.366374105646366965e-01,1.355124232852277358e-10
1.197695083203188293e+00,8.349370503597121074e-01,2.388717887439150575e-10
1.200129247670849164e+00,8.332435876725361457e-01,4.187767047644797382e-10
1.202563412138510479e+00,8.315569806183498169e-01,6.644136879541858708e-10
1.204997576606171572e+00,8.298771876508339584e-01,1.025890560658279300e-09
1.207431741073832665e+00,8.282041675586955254e-01,1.557033947370125826e-09
1.209865905541493980e+00,8.265378794622985081e-01,2.122112032021973908e-09
1.212300070009155073e+00,8.248782828103343734e-01,2.745414260953097651e-09
1.214734234476816166e+00,8.232253373765316962e-01,3.474099252028844910e-09
1.217168398944477481e+00,8.215790032564065370e-01,4.158598773369598179e-09
1.219602563412138574e+00,8.199392408640513441e-01,4.597980571004029484e-09
1.222036727879799667e+00,8.183060109289617134e-01,4.888511313884494286e-09
1.224470892347460982e+00,8.166792744929013415e-01,4.931329471280416120e-09
1.226905056815121853e+00,8.150589929068053907e-01,4.782768135963445055e-09
1.229339221282783168e+00,8.134451278277172737e-01,4.945644921109417834e-09
1.231773385750444261e+00,8.118376412157671806e-01,5.976841623800470561e-09
1.234207550218105354e+00,8.102364953311808060e-01,8.461779909669059022e-09
1.236641714685766669e+00,8.086416527313265989e-01,1.285969249973987181e-08
1.239075879153427762e+00,8.070530762677978753e-01,1.786049896810343850e-08
1.241510043621088855e+00,8.054707290835271261e-01,2.647350372545632947e-08
1.243944208088750170e+00,8.038945746099364076e-01,7.935889387581175033e-08
1.246378372556411263e+00,8.023245765641202620e-01,3.331531992473013798e-07
1.248812537024072356e+00,8.007606989460611668e-01,1.106155839147460913e-06
1.251246701491733671e+00,7.992029060358777359e-01,2.572712344705942080e-06
1.253680865959394541e+00,7.976511623911064497e-01,3.814832097867808288e-06
1.256115030427055856e+00,7.961054328440114736e-01,2.864731260116849646e-06
1.258549194894717171e+00,7.945656824989301148e-01,5.611358870210891145e-06
1.260983359362378042e+00,7.930318767296458127e-01,5.817875626921597718e-05
1.263417523830039357e+00,7.915039811767915490e-01,3.039075748357568645e-04
1.265851688297700450e+00,7.899819617452862319e-01,1.002101567838405887e-03
1.268285852765361543e+00,7.884657846017970595e-01,2.382330455206860265e-03
1.270720017233022858e+00,7.869554161722325247e-01,4.457678607130529519e-03
1.273154181700683951e+00,7.854508231392652862e-01,7.941512996694422705e-03
1.275588346168345044e+00,7.839519724398811285e-01,1.858411055265121389e-02
1.278022510636006359e+00,7.824588312629573439e-01,5.494805234637623742e-02
1.280456675103667452e+00,7.809713670468692026e-01,1.501615240102751048e-01
1.282890839571328545e+00,7.794895474771219579e-01,3.303425487457248844e-01
1.285325004038989860e+00,7.780133404840114952e-01,5.709147028896269793e-01
1.287759168506650731e+00,7.765427142403105165e-01,7.767455430458537480e-01
1.290193332974312046e+00,7.750776371589808145e-01,8.363648195382881179e-01
1.292627497441973139e+00,7.736180778909127476e-01,7.165255155223536621e-01
1.295061661909634232e+00,7.721640053226880296e-01,4.919159005650102778e-01
1.297495826377295547e+00,7.707153885743694977e-01,2.743416887281863170e-01
1.299929990844956640e+00,7.692721969973155272e-01,1.279914914182999630e-01
1.302364155312617733e+00,7.678344001720174283e-01,5.307989465195927375e-02
1.304798319780279048e+00,7.664019679059630441e-01,2.165176694831155713e-02
1.307232484247940141e+00,7.649748702315234405e-01,9.557973843947650469e-03
1.309666648715601234e+00,7.635530774038620239e-01,4.567319234455790092e-03
1.312100813183262549e+00,7.621365598988687484e-01,2.197266055678930886e-03
1.314534977650923420e+00,7.607252884111170843e-01,1.031140167219370997e-03
1.316969142118584735e+00,7.593192338518409690e-01,5.105954073140388065e-04
1.319403306586246050e+00,7.579183673469387372e-01,3.161704349780153616e-04
1.321837471053906921e+00,7.565226602349951479e-01,2.718957272235559218e-04
1.324271635521568236e+00,7.551320840653262811e-01,3.114626421309818309e-04
1.326705799989229329e+00,7.537466105960479723e-01,4.366593532073015089e-04
1.329139964456890421e+00,7.523662117921623427e-01,6.935907567596715341e-04
1.331574128924551736e+00,7.509908598236673116e-01,1.167244228402965602e-03
1.334008293392212829e+00,7.496205270636868701e-01,1.979143133840925370e-03
1.336442457859873922e+00,7.482551860866202276e-01,3.274663823246338860e-03
1.338876622327535237e+00,7.468948096663126091e-01,5.192224490338070118e-03
1.341310786795196330e+00,7.455393707742463683e-01,7.807254525004255798e-03
1.343744951262857423e+00,7.441888425777493099e-01,1.105951807739657608e-02
1.346179115730518738e+00,7.428431984382249942e-01,1.468904644867183654e-02
1.348613280198179609e+00,7.415024119094016930e-01,1.822549229187308759e-02
1.351047444665840924e+00,7.401664567355984437e-01,2.106077733334739410e-02
1.353481609133502239e+00,7.388353068500126408e-01,2.260815138936923124e-02
1.355915773601163110e+00,7.375089363730241709e-01,2.249268291899608405e-02
1.358349938068824425e+00,7.361873196105173101e-01,2.069427481415915884e-02
1.360784102536485518e+00,7.348704310522233829e-01,1.756596230907555775e-02
1.363218267004146611e+00,7.335582453700777439e-01,1.371946536688878338e-02
1.365652431471807926e+00,7.322507374165969640e-01,9.825716006710269457e-03
1.368086595939469019e+00,7.309478822232718942e-01,6.423804625549269474e-03
1.370520760407130112e+00,7.296496549989783809e-01,3.808944512133813527e-03
1.372954924874791427e+00,7.283560311284046351e-01,2.028583663452092779e-03
1.375389089342452520e+00,7.270669861704960324e-01,9.554873498354674336e-04
1.377823253810113613e+00,7.257824958569150109e-01,3.876579879692091204e-04
1.380257418277774928e+00,7.245025360905188450e-01,1.288224495079656068e-04
1.382691582745435799e+00,7.232270829438525173e-01,3.134416656028505150e-05
1.385125747213097114e+00,7.219561126576569121e-01,4.067604537669593595e-06
1.387559911680758207e+00,7.206896016393952165e-01,5.418227797231425066e-07
1.389994076148419300e+00,7.194275264617912002e-01,1.836257429618503191e-06
1.392428240616080615e+00,7.181698638613861485e-01,2.518191809949104781e-06
1.394862405083741708e+00,7.169165907371086721e-01,2.162711820915717743e-06
1.397296569551402801e+00,7.156676841488607277e-01,1.424925187540278165e-06
1.399730734019064116e+00,7.144231213161175154e-01,7.797127211404891053e-07
1.402164898486725209e+00,7.131828796165426976e-01,3.668869715539490082e-07
1.404599062954386302e+00,7.119469365846177178e-01,1.520618222398379529e-07
1.407033227422047617e+00,7.107152699102849969e-01,5.698748556986231822e-08
1.409467391889708487e+00,7.094878574376061175e-01,2.086092635470826523e-08
1.411901556357369802e+00,7.082646771634322214e-01,8.411702752739044677e-09
1.414335720825031117e+00,7.070457072360905038e-01,4.150899169353837143e-09
1.416769885292691988e+00,7.058309259540824776e-01,2.375715933949245629e-09
1.419204049760353303e+00,7.046203117647951153e-01,1.526282092928501055e-09
1.421638214228014396e+00,7.034138432632280891e-01,1.144274429515814280e-09
1.424072378695675489e+00,7.022114991907305592e-01,1.040747944068544995e-09
1.426506543163336804e+00,7.010132584337530615e-01,1.024498950492769487e-09
1.428940707630997897e+00,6.998191000226124947e-01,1.062286568889788458e-09
1.431374872098658990e+00,6.986290031302673231e-01,1.056476529704191430e-09
1.433809036566320305e+00,6.974429470711076551e-01,9.745299733766009068e-10
1.436243201033981398e+00,6.962609112997569794e-01,8.255776142353805890e-10
1.438677365501642491e+00,6.950828754098852258e-01,6.779505460724278446e-10
1.441111529969303806e+00,6.939088191330343713e-01,5.214370241493285885e-10
1.443545694436964677e+00,6.927387223374570357e-01,3.783911556871810687e-10
1.445979858904625992e+00,6.915725650269641811e-01,2.661540926676472671e-10
1.448414023372287085e+00,6.904103273397879104e-01,1.834920676301208215e-10
1.450848187839948178e+00,6.892519895474522595e-01,1.145219586705803963e-10
1.453282352307609493e+00,6.880975320536574236e-01,6.840284470483728281e-11
1.455716516775270586e+00,6.869469353931753064e-01,4.397728791298760269e-11
1.458150681242931679e+00,6.858001802307545081e-01,2.727438986134347911e-11
1.460584845710592994e+00,6.846572473600377462e-01,1.363887563970120521e-11
1.463019010178254087e+00,6.835181177024898247e-01,7.014560817604248848e-12
1.465453174645915180e+00,6.823827723063354833e-01,4.371036471721484897e-12
1.467887339113576495e+00,6.812511923455086826e-01,2.339556787870009382e-12
1.470321503581237366e+00,6.801233591186123251e-01,9.900963371554991648e-13
1.472755668048898681e+00,6.789992540478871907e-01,8.365861303645712724e-13
1.475189832516559996e+00,6.778788586781927528e-01,3.259206051107067700e-13
1.477623996984220867e+00,6.767621546759968743e-01,6.875478362950134752e-14
1.480058161451882182e+00,6.756491238283751644e-01,8.249000922289585676e-14
1.482492325919543275e+00,6.745397480420221026e-01,2.391589335336999673e-13
1.484926490387204367e+00,6.734340093422694906e-01,3.868156392867578007e-14
1.487360654854865682e+00,6.723318898721161174e-01,2.281888380328980857e-14
1.489794819322526775e+00,6.712333718912666392e-01,5.501439110333072098e-14
1.492228983790187868e+00,6.701384377751794519e-01,1.388677112799315532e-13
1.494663148257849183e+00,6.690470700141238902e-01,3.039579522307463732e-14
1.497097312725510276e+00,6.679592512122476400e-01,6.645013048341872002e-14
1.499531477193171369e+00,6.668749640866517003e-01,1.210721352317121098e-13
1.501965641660832684e+00,6.657941914664753380e-01,9.754356229541468537e-14
1.504399806128493555e+00,6.647169162919901453e-01,9.234741257697743944e-14
1.506833970596154870e+00,6.636431216137009814e-01,3.217192934301647522e-13
1.509268135063816185e+00,6.625727905914591265e-01,4.692828668050005421e-13
1.511702299531477056e+00,6.615059064935805422e-01,4.001627674629369726e-13
1.514136463999138371e+00,6.604424526959737918e-01,1.003205044047038912e-12
1.516570628466799686e+00,6.593824126812777298e-01,2.001924574530309876e-12
1.519004792934460557e+00,6.583257700380056310e-01,3.464487277396338150e-12
1.521438957402121872e+00,6.572725084596978684e-01,6.386795649007546562e-12
1.523873121869782743e+00,6.562226117440842499e-01,1.300110553925549291e-11
1.526307286337444058e+00,6.551760637922517949e-01,2.448475951049532909e-11
1.528741450805105373e+00,6.541328486078231697e-01,5.046761805804629709e-11
1.531175615272766244e+00,6.530929502961411171e-01,1.132506190311406861e-10
1.533609779740427559e+00,6.520563530634604366e-01,2.430827244999996589e-10
1.536043944208088874e+00,6.510230412161498448e-01,4.912471773985467365e-10
1.538478108675749745e+00,6.499929991598992762e-01,9.574520613804822541e-10
1.540912273143411060e+00,6.489662113989347336e-01,1.800793361558246580e-09
1.543346437611072375e+00,6.479426625352426861e-01,3.210215189417572599e-09
1.545780602078733246e+00,6.469223372677992412e-01,5.992099601993345108e-09
1.548214766546394561e+00,6.459052203918076440e-01,1.284901595931297082e-08
1.550648931014055876e+00,6.448912967979439914e-01,3.173544338835045645e-08
1.553083095481716747e+00,6.438805514716081646e-01,8.144828496244417775e-08
1.555517259949378062e+00,6.428729694921826443e-01,2.016843378081266324e-07
1.557951424417038933e+00,6.418685360322992084e-01,4.626222331209488369e-07
1.560385588884700248e+00,6.408672363571102926e-01,9.711264489366445007e-07
1.562819753352361563e+00,6.398690558235698989e-01,1.859291519882683902e-06
1.565253917820022433e+00,6.388739798797187230e-01,3.260817140554242986e-06
1.567688082287683748e+00,6.378819940639771646e-01,5.245951243295595543e-06
1.570122246755345063e+00,6.368930840044451092e-01,7.768738679439378926e-06
1.572556411223005934e+00,6.359072354182078168e-01,1.062335922375831366e-05
1.574990575690667249e+00,6.349244341106475842e-01,1.345165007469264790e-05
1.577424740158328564e+00,6.339446659747637325e-01,1.582296985270783014e-05
1.579858904625989435e+00,6.329679169904964819e-01,1.737201892525577749e-05
1.582293069093650750e+00,6.319941732240585974e-01,1.794013619708312304e-05
1.584727233561311621e+00,6.310234208272731404e-01,1.762280379657660230e-05
1.587161398028972936e+00,6.300556460369164391e-01,1.676812265312146403e-05
1.589595562496634251e+00,6.290908351740679416e-01,1.579130038787579282e-05
1.592029726964295122e+00,6.281289746434660648e-01,1.501863649102376181e-05
1.594463891431956437e+00,6.271700509328685946e-01,1.459866326295698928e-05
1.596898055899617752e+00,6.262140506124210804e-01,1.458466717973630281e-05
1.599332220367278623e+00,6.252609603340293365e-01,1.528225808849314999e-05
1.601766384834939938e+00,6.243107668307378288e-01,1.789767030793843939e-05
1.604200549302601253e+00,6.233634569161149441e-01,2.563885686640709365e-05
1.606634713770262124e+00,6.224190174836427003e-01,4.546512518632733415e-05
1.609068878237923439e+00,6.214774355061113420e-01,9.104989127935027933e-05
1.611503042705584754e+00,6.205386980350220405e-01,1.875230952033689379e-04
1.613937207173245625e+00,6.196027921999920363e-01,3.794347513536640727e-04
1.616371371640906940e+00,6.186697052081667758e-01,7.454833719821323977e-04
1.618805536108567811e+00,6.177394243436373777e-01,1.431044852284219567e-03
1.621239700576229126e+00,6.168119369668624286e-01,2.722236709322141662e-03
1.623673865043890441e+00,6.158872305140961068e-01,5.200970958551483919e-03
1.626108029511551312e+00,6.149652924968207479e-01,1.001457510148838666e-02
1.628542193979212627e+00,6.140461105011838505e-01,1.922231139378724474e-02
1.630976358446873942e+00,6.131296721874421873e-01,3.597509816771825991e-02
1.633410522914534813e+00,6.122159652894088033e-01,6.398777107944973730e-02
1.635844687382196128e+00,6.113049776139056757e-01,1.056852080755532608e-01
1.638278851849857443e+00,6.103966970402219250e-01,1.591336308110627984e-01
1.640713016317518314e+00,6.094911115195756901e-01,2.154677592449416035e-01
1.643147180785179629e+00,6.085882090745814432e-01,2.597119799052196032e-01
1.645581345252840499e+00,6.076879777987225228e-01,2.765183016915931935e-01
1.648015509720501814e+00,6.067904058558264424e-01,2.583358516963049079e-01
1.650449674188163129e+00,6.058954814795478594e-01,2.103168389580605813e-01
1.652883838655824000e+00,6.050031929728533209e-01,1.478996944004813130e-01
1.655318003123485315e+00,6.041135287075113380e-01,8.865248208786973005e-02
1.657752167591146630e+00,6.032264771235884560e-01,4.428119402094399942e-02
1.660186332058807501e+00,6.023420267289477659e-01,1.766066503697444334e-02
1.662620496526468816e+00,6.014601660987523024e-01,5.140498593220917990e-03
1.665054660994130131e+00,6.005808838749741030e-01,9.026600492709397662e-04
1.667488825461791002e+00,5.997041687659058207e-01,1.943967518914722068e-04
1.669922989929452317e+00,5.988300095456773331e-01,3.783130351532394448e-04
1.672357154397113632e+00,5.979583950537772363e-01,4.935883921957202273e-04
1.674791318864774503e+00,5.970893141945774474e-01,4.188449856826277802e-04
1.677225483332435818e+00,5.962227559368618035e-01,2.697586966214762035e-04
1.679659647800096689e+00,5.953587093133609898e-01,1.411410967250715110e-04
1.682093812267758004e+00,5.944971634202876887e-01,6.197606766459874119e-05
1.684527976735419319e+00,5.936381074168797234e-01,2.346924908733299616e-05
1.686962141203080190e+00,5.927815305249448663e-01,8.263989625055199385e-06
1.689396305670741505e+00,5.919274220284089782e-01,3.522992114043395578e-06
1.691830470138402820e+00,5.910757712728708091e-01,2.678133936533555898e-06
1.694264634606063691e+00,5.902265676651580195e-01,3.205560698124217603e-06
1.696698799073725006e+00,5.893798006728877548e-01,4.364745585940656753e-06
1.699132963541386321e+00,5.885354598240319923e-01,5.926539316249430692e-06
1.701567128009047192e+00,5.876935347064855542e-01,7.699857026094857030e-06
1.704001292476708507e+00,5.868540149676375606e-01,9.441946291981585473e-06
1.706435456944369822e+00,5.860168903139476582e-01,1.090416729444418480e-05
1.708869621412030693e+00,5.851821505105256893e-01,1.187543418503114844e-05
1.711303785879692008e+00,5.843497853807132492e-01,1.222258957933341597e-05
1.713737950347352879e+00,5.835197848056715708e-01,1.190687526358061825e-05
1.716172114815014194e+00,5.826921387239704098e-01,1.099199911634184866e-05
1.718606279282675509e+00,5.818668371311824794e-01,9.616668737491190346e-06
1.721040443750336379e+00,5.810438700794793299e-01,7.969862289932654872e-06
1.723474608217997694e+00,5.802232276772323338e-01,6.249740382973424465e-06
1.725908772685659009e+00,5.794049000886158929e-01,4.631440533862226813e-06
1.728342937153319880e+00,5.785888775332154177e-01,3.235494578893648353e-06
1.730777101620981195e+00,5.777751502856360855e-01,2.124706244786836386e-06
1.733211266088642510e+00,5.769637086751180366e-01,1.306420692830534642e-06
1.735645430556303381e+00,5.761545430851526817e-01,7.485280326591147186e-07
1.738079595023964696e+00,5.753476439531021169e-01,3.962078671216845586e-07
1.740513759491625567e+00,5.745430017698239800e-01,1.916205239573247194e-07
1.742947923959286882e+00,5.737406070792960833e-01,8.338179020441535222e-08
1.745382088426948197e+00,5.729404504782474872e-01,3.199845597763109021e-08
1.747816252894609068e+00,5.721425226157904609e-01,1.050706547798612531e-08
1.750250417362270383e+00,5.713468141930561073e-01,3.017094095684347731e-09
1.752684581829931698e+00,5.705533159628336515e-01,1.072053834645040935e-09
1.755118746297592569e+00,5.697620187292119498e-01,7.945565113257015418e-10
1.757552910765253884e+00,5.689729133472238853e-01,7.732363886085276888e-10
1.759987075232915199e+00,5.681859907224948714e-01,6.770601593853892188e-10
1.762421239700576070e+00,5.674012418108927980e-01,5.012392693017816766e-10
1.764855404168237385e+00,5.666186576181816426e-01,3.197243140086910876e-10
1.767289568635898700e+00,5.658382291996781888e-01,1.843511014828626477e-10
1.769723733103559571e+00,5.650599476599111881e-01,9.989305454352999777e-11
1.772157897571220886e+00,5.642838041522827419e-01,4.992809534636838935e-11
1.774592062038881757e+00,5.635097898787342352e-01,2.399876901357987073e-11
1.777026226506543072e+00,5.627378960894126037e-01,1.180765087142463396e-11
1.779460390974204387e+00,5.619681140823417076e-01,6.620756252836292470e-12
1.781894555441865258e+00,5.612004352030948162e-01,3.679369844559029908e-12
1.784328719909526573e+00,5.604348508444702004e-01,2.497162556777129222e-12
1.786762884377187888e+00,5.596713524461697231e-01,2.127563170823124526e-12
1.789197048844848759e+00,5.589099314944798724e-01,1.810213397773358596e-12
1.791631213312510074e+00,5.581505795219544597e-01,1.188192076993197300e-12
1.794065377780171389e+00,5.573932881071020917e-01,1.093757434708412160e-12
1.796499542247832260e+00,5.566380488740737542e-01,1.339347808517548526e-12
1.798933706715493575e+00,5.558848534923542806e-01,1.001772165378892179e-12
1.801367871183154445e+00,5.551336936764565966e-01,5.053519751169988932e-13
1.803802035650815760e+00,5.543845611856168532e-01,3.734705611680375628e-13
1.806236200118477075e+00,5.536374478234943330e-01,5.048239429547562314e-13
1.808670364586137946e+00,5.528923454378714686e-01,2.740311307986980443e-13
1.811104529053799261e+00,5.521492459203577452e-01,1.290075921408308839e-13
1.813538693521460576e+00,5.514081412060958254e-01,4.488145796264096409e-14
1.815972857989121447e+00,5.506690232734692270e-01,4.391960341054464629e-14
1.818407022456782762e+00,5.499318841438133321e-01,5.164011869024071982e-14
1.820841186924444077e+00,5.491967158811280614e-01,6.125354650279594373e-14
1.823275351392104948e+00,5.484635105917936571e-01,2.136895837698307800e-13
1.825709515859766263e+00,5.477322604242867987e-01,6.016175492976410777e-13
1.828143680327427578e+00,5.470029575689019374e-01,1.815678104593967159e-12
1.830577844795088449e+00,5.462755942574724077e-01,2.686754107625647993e-12
1.833012009262749764e+00,5.455501627630945372e-01,5.644928932713810244e-12
1.835446173730410635e+00,5.448266553998545314e-01,1.170823223879409354e-11
1.837880338198071950e+00,5.441050645225565807e-01,2.299600281223125896e-11
1.840314502665733265e+00,5.433853825264537418e-01,3.801454087972321240e-11
1.842748667133394136e+00,5.426676018469811513e-01,6.457585282289784099e-11
1.845182831601055451e+00,5.419517149594901273e-01,1.040085104662767004e-10
1.847616996068716766e+00,5.412377143789858236e-01,1.573255327178997078e-10
1.850051160536377637e+00,5.405255926598668825e-01,2.340834113609011427e-10
1.852485325004038952e+00,5.398153423956649766e-01,3.304135177453223350e-10
1.854919489471700267e+00,5.391069562187899011e-01,4.413985347341827538e-10
1.857353653939361138e+00,5.384004268002737792e-01,5.567965790945304090e-10
1.859787818407022453e+00,5.376957468495181525e-01,7.038880459405370440e-10
1.862221982874683768e+00,5.369929091140440702e-01,8.539370017503707606e-10
1.864656147342344639e+00,5.362919063792426222e-01,1.041137396732392958e-09
1.867090311810005954e+00,5.355927314681280249e-01,1.299634436216468762e-09
1.869524476277666825e+00,5.348953772410932617e-01,1.705191858695189374e-09
1.871958640745328140e+00,5.341998365956663886e-01,2.336354904034872890e-09
1.874392805212989455e+00,5.335061024662697271e-01,3.265491814238074405e-09
1.876826969680650326e+00,5.328141678239811663e-01,4.261302928718561761e-09
1.879261134148311641e+00,5.321240256762952425e-01,4.447872381286544323e-09
1.881695298615972956e+00,5.314356690668894379e-01,3.245507298336771255e-09
1.884129463083633826e+00,5.307490910753893676e-01,5.164949379377931398e-09
1.886563627551295141e+00,5.300642848171365218e-01,3.316033361676789824e-08
1.888997792018956456e+00,5.293812434429594482e-01,1.432534431884985645e-07
1.891431956486617327e+00,5.286999601389442693e-01,4.058291349247264722e-07
1.893866120954278642e+00,5.280204281262085297e-01,7.996663438189772395e-07
1.896300285421939513e+00,5.273426406606763761e-01,1.120191598131309060e-06
1.898734449889600828e+00,5.266665910328554023e-01,1.565942400009759490e-06
1.901168614357262143e+00,5.259922725676150490e-01,5.565295468498978609e-06
1.903602778824923014e+00,5.253196786239674454e-01,2.626033221737282943e-05
1.906036943292584329e+00,5.246488025948488065e-01,9.411969962575877306e-05
1.908471107760245644e+00,5.239796379069032728e-01,2.560533856356422442e-04
1.910905272227906515e+00,5.233121780202685258e-01,5.608988182880468012e-04
1.913339436695567830e+00,5.226464164283624036e-01,1.072845285515058866e-03
1.915773601163229145e+00,5.219823466576712923e-01,2.046118570201074707e-03
1.918207765630890016e+00,5.213199622675411815e-01,4.410553979061928968e-03
1.920641930098551331e+00,5.206592568499680551e-01,1.041855403274640456e-02
1.923076094566212646e+00,5.200002240293926103e-01,2.366056806528926346e-02
1.925510259033873517e+00,5.193428574624945337e-01,4.734908234595945620e-02
1.927944423501534832e+00,5.186871508379887752e-01,8.089931158049706861e-02
1.930378587969195703e+00,5.180330978764242644e-01,1.172323174063740342e-01
1.932812752436857018e+00,5.173806923299824057e-01,1.442935710477770139e-01
1.935246916904518333e+00,5.167299279822793467e-01,1.513984530574263021e-01
1.937681081372179204e+00,5.160807986481680265e-01,1.360091527213143636e-01
1.940115245839840519e+00,5.154332981735413322e-01,1.051692880764205640e-01
1.942549410307501834e+00,5.147874204351393645e-01,7.050470227154059799e-02
1.944983574775162705e+00,5.141431593403551492e-01,4.142173098311924956e-02
1.947417739242824020e+00,5.135005088270430118e-01,2.168094719401125400e-02
1.949851903710485335e+00,5.128594628633295072e-01,1.035441964221106396e-02
1.952286068178146206e+00,5.122200154474236822e-01,4.638392695052662856e-03
1.954720232645807521e+00,5.115821606074297812e-01,1.970238916392606354e-03
1.957154397113468391e+00,5.109458924011623937e-01,7.492700503322207188e-04
1.959588561581129706e+00,5.103112049159603814e-01,2.077853496367048866e-04
1.962022726048791021e+00,5.096780922685052451e-01,5.443399920387737267e-05
1.964456890516451892e+00,5.090465486046384935e-01,1.827712234882068385e-04
1.966891054984113207e+00,5.084165680991807879e-01,5.352890272552333255e-04
1.969325219451774522e+00,5.077881449557540838e-01,1.107264836365258031e-03
1.971759383919435393e+00,5.071612734066031081e-01,2.014244401985204776e-03
1.974193548387096708e+00,5.065359477124182774e-01,3.590240466752075109e-03
